{
  "musics": [
    {
      "url": "https://www.youtube.com/watch?v=fHI8X4OXluQ&ab_channel=TheWeekndVEVO",
      "music_name": "Blinding Lights",
      "singer": "The Weeknd",
      "rating": 0,
      "play_num": 0
    },
    {
      "url": "https://www.youtube.com/watch?v=JGwWNGJdvx8&ab_channel=EdSheeran",
      "music_name": "Shape of You",
      "singer": "Ed Sheeran",
      "rating": 0,
      "play_num": 0
    },
    {
      "url": "https://www.youtube.com/watch?v=1__CAdTJ5JU&ab_channel=RoyalMusic",
      "music_name": "Dance Monkey",
      "singer": "Tones and I",
      "rating": 0,
      "play_num": 0
    },
    {
      "url": "https://www.youtube.com/watch?v=zABLecsR5UE&ab_channel=LewisCapaldiVEVO",
      "music_name": "Someone You Loved",
      "singer": "Lewis Capaldi",
      "rating": 0,
      "play_num": 0
    },
    {
      "url": "https://www.youtube.com/watch?v=UceaB4D0jpo&ab_channel=PostMaloneVEVO",
      "music_name": "Rockstar",
      "singer": "PostMalone",
      "rating": 0,
      "play_num": 0
    },
    {
      "url": "https://www.youtube.com/watch?v=ApXoWvfEYVU&ab_channel=PostMaloneVEVO",
      "music_name": "Sunflower",
      "singer": "Post Malone, Swae Lee",
      "rating": 0,
      "play_num": 0
    },
    {
      "url": "https://www.youtube.com/watch?v=ki0Ocze98U8&ab_channel=BillionStars",
      "music_name": "One Dance",
      "singer": "Drake",
      "rating": 0,
      "play_num": 0
    },
    {
      "url": "https://www.youtube.com/watch?v=PT2_F-1esPk&ab_channel=ChainsmokersVEVO",
      "music_name": "Closer",
      "singer": "The Chainsmokers",
      "rating": 0,
      "play_num": 0
    },
    {
      "url": "https://www.youtube.com/watch?v=kTJczUoc26U&ab_channel=TheKidLAROIVEVO",
      "music_name": "STAY",
      "singer": "The Kid LAROI, Justin Bieber",
      "rating": 0,
      "play_num": 0
    },
    {
      "url": "https://www.youtube.com/watch?v=7wtfhZwyrcc&ab_channel=ImagineDragonsVEVO",
      "music_name": "Believers",
      "singer": "Imagine Dragons",
      "rating": 0,
      "play_num": 0
    }
  ]
}