{
  "storages": [
    {
      "list_num": "213123",
      "musics": [
        {
          "url": "https://www.youtube.com/watch?v=fHI8X4OXluQ&ab_channel=TheWeekndVEVO",
          "music_name": "Blinding Lights",
          "singer": "The Weeknd",
          "rating": 3,
          "play_num": 3
        },
        {
          "url": "https://www.youtube.com/watch?v=JGwWNGJdvx8&ab_channel=EdSheeran",
          "music_name": "Shape of You",
          "singer": "Ed Sheeran",
          "rating": 5,
          "play_num": 5
        },
        {
          "url": "https://www.youtube.com/watch?v=1__CAdTJ5JU&ab_channel=RoyalMusic",
          "music_name": "Dance Monkey",
          "singer": "Tones and I",
          "rating": 3,
          "play_num": 11
        },
        {
          "url": "https://www.youtube.com/watch?v=zABLecsR5UE&ab_channel=LewisCapaldiVEVO",
          "music_name": "Someone You Loved",
          "singer": "Lewis Capaldi",
          "rating": 2,
          "play_num": 1
        },
        {
          "url": "https://www.youtube.com/watch?v=UceaB4D0jpo&ab_channel=PostMaloneVEVO",
          "music_name": "Rockstar",
          "singer": "PostMalone",
          "rating": 4,
          "play_num": 1
        },
        {
          "url": "https://www.youtube.com/watch?v=ApXoWvfEYVU&ab_channel=PostMaloneVEVO",
          "music_name": "Sunflower",
          "singer": "Post Malone, Swae Lee",
          "rating": 4,
          "play_num": 1
        },
        {
          "url": "https://www.youtube.com/watch?v=ki0Ocze98U8&ab_channel=BillionStars",
          "music_name": "One Dance",
          "singer": "Drake",
          "rating": 3,
          "play_num": 1
        },
        {
          "url": "https://www.youtube.com/watch?v=PT2_F-1esPk&ab_channel=ChainsmokersVEVO",
          "music_name": "Closer",
          "singer": "The Chainsmokers",
          "rating": 5,
          "play_num": 1
        },
        {
          "url": "https://www.youtube.com/watch?v=kTJczUoc26U&ab_channel=TheKidLAROIVEVO",
          "music_name": "STAY",
          "singer": "The Kid LAROI, Justin Bieber",
          "rating": 3,
          "play_num": 1
        },
        {
          "url": "https://www.youtube.com/watch?v=7wtfhZwyrcc&ab_channel=ImagineDragonsVEVO",
          "music_name": "Believers",
          "singer": "Imagine Dragons",
          "rating": 5,
          "play_num": 1
        }
      ]

    },
    {
      "list_num": "22222",
      "musics": [
        {
          "url": "image01.jpg",
          "music_name": "Trumpet Tree (Science Centre)",
          "singer": "fdfd",
          "rating": 3,
          "play_num": 1
        },{
          "url": "2",
          "music_name": "22222",
          "singer": "fdfd",
          "rating": 3,
          "play_num": 1
        },{
          "url": "3",
          "music_name": "3333",
          "singer": "fdfd",
          "rating": 3,
          "play_num": 1
        }]
    }
  ]
}