{
  "musics": [
    {
      "url": "image01.jpg",
      "music_name": "Trumpet Tree (Science Centre)",
      "singer": "fdfd",
      "rating": 3,
      "play_num": 1
    },
    {
      "url": "image01.jpg",
      "music_name": "Trumpet Tree (Science Centre)",
      "singer": "fdfd",
      "rating": 3,
      "play_num": 1
    },
    {
      "url": "image01.jpg",
      "music_name": "Trumpet Tree (Science Centre)",
      "singer": "fdfd",
      "rating": 3,
      "play_num": 1
    },
    {
      "url": "image01.jpg",
      "music_name": "Trumpet Tree (Science Centre)",
      "singer": "fdfd",
      "rating": 3,
      "play_num": 1
    },
    {
      "url": "image01.jpg",
      "music_name": "Trumpet Tree (Science Centre)",
      "singer": "fdfd",
      "rating": 3,
      "play_num": 1
    }
  ]
}